{
  "main": {
    "id": "a75e4b903c39d47c",
    "type": "split",
    "children": [
      {
        "id": "0c08a23f483cd636",
        "type": "tabs",
        "children": [
          {
            "id": "6a93005734642bfd",
            "type": "leaf",
            "state": {
              "type": "markdown",
              "state": {
                "file": "Programation/CSS/balise.md",
                "mode": "source",
                "source": false
              }
            }
          }
        ]
      }
    ],
    "direction": "vertical"
  },
  "left": {
    "id": "602f86fe4961cec2",
    "type": "split",
    "children": [
      {
        "id": "8ad0b70a7a76c79d",
        "type": "tabs",
        "children": [
          {
            "id": "008da9350e347e9b",
            "type": "leaf",
            "state": {
              "type": "file-explorer",
              "state": {
                "sortOrder": "alphabetical"
              }
            }
          },
          {
            "id": "3385b941fd785abb",
            "type": "leaf",
            "state": {
              "type": "search",
              "state": {
                "query": "",
                "matchingCase": false,
                "explainSearch": false,
                "collapseAll": false,
                "extraContext": false,
                "sortOrder": "alphabetical"
              }
            }
          },
          {
            "id": "caa02346808f140c",
            "type": "leaf",
            "state": {
              "type": "starred",
              "state": {}
            }
          }
        ]
      }
    ],
    "direction": "horizontal",
    "width": 200
  },
  "right": {
    "id": "3ed3b008073a2bb1",
    "type": "split",
    "children": [
      {
        "id": "1df2e44797169fc3",
        "type": "tabs",
        "children": [
          {
            "id": "c771e1688d32e9e9",
            "type": "leaf",
            "state": {
              "type": "backlink",
              "state": {
                "file": "Programation/CSS/balise.md",
                "collapseAll": false,
                "extraContext": false,
                "sortOrder": "alphabetical",
                "showSearch": false,
                "searchQuery": "",
                "backlinkCollapsed": false,
                "unlinkedCollapsed": true
              }
            }
          },
          {
            "id": "1832d344c957f82e",
            "type": "leaf",
            "state": {
              "type": "outgoing-link",
              "state": {
                "file": "Programation/CSS/balise.md",
                "linksCollapsed": false,
                "unlinkedCollapsed": true
              }
            }
          },
          {
            "id": "5d19b7593b15d96f",
            "type": "leaf",
            "state": {
              "type": "tag",
              "state": {
                "sortOrder": "frequency",
                "useHierarchy": true
              }
            }
          },
          {
            "id": "d05c4c6a23d3eee3",
            "type": "leaf",
            "state": {
              "type": "outline",
              "state": {
                "file": "Programation/CSS/balise.md"
              }
            }
          }
        ]
      }
    ],
    "direction": "horizontal",
    "width": 300,
    "collapsed": true
  },
  "left-ribbon": {
    "hiddenItems": {
      "canvas:Créer une nouvelle toile": false,
      "switcher:Ouvrir le sélecteur rapide": false,
      "graph:Ouvrir la vue graphique": false,
      "daily-notes:Ouvrir la note quotidienne": false,
      "templates:Insérer le modèle": false,
      "command-palette:Ouvrir la palette de commandes": false
    }
  },
  "active": "6a93005734642bfd",
  "lastOpenFiles": [
    "Programation/HTML/balise important.md",
    "Programation/PHP/syntaxe important.md",
    "Programation/CSS/balise.md",
    "Hacking/Network.md",
    "Hacking/Active_Directory.md",
    "Hacking/Installation pkg_spe.md",
    "Hacking/Other.md",
    "Hacking/Crack.md",
    "Hacking/Cours Protocole ett se que je capte pas ;).md",
    "Hacking/Bypass.md",
    "Hacking/PrivEsc/Windows.md",
    "Programation/Python/Requests.md",
    "Hacking/WebApp.md",
    "CTF/Blog.md"
  ]
}